document_id	paragraph_id	sentence_id	source_sentence	target_sentence
KUL/03D650D6D7F62CC7C7DF6B086801E0C5	1	1	【表表紙】天保漂流記　全【右丁】	天保漂流記　全
KUL/03D650D6D7F62CC7C7DF6B086801E0C5	1	2	童蒙写之誤	童蒙の書き写しの誤り
KUL/03D650D6D7F62CC7C7DF6B086801E0C5	1	3	字多読者察而可見【左丁】　【朱字囲み】九州帝国大学図書印	文字の多い箇所は読者が注意深く見れば分かること
KUL/03D650D6D7F62CC7C7DF6B086801E0C5	2	1	天保漂流記	天保漂流記
KUL/03D650D6D7F62CC7C7DF6B086801E0C5	2	2	遠州城東郡沖之沢村仙太郎と　申船頭漂流之事	遠州城東郡沖之沢村の仙太郎という船頭の漂流の事
KUL/03D650D6D7F62CC7C7DF6B086801E0C5	3	1	一遠州佐野郡高御所村八郎左衛門持舩昇栄　丸仙太郎沖船頭にして水主辰蔵松之助　右三人乗ニて御廻船ニ米を積入	一、遠州佐野郡高御所村の八郎左衛門が所有する船「昇栄丸」に、沖船頭である仙太郎と水主の辰蔵・松之助の三人が乗り組み、御廻船に米を積み入れました。
KUL/03D650D6D7F62CC7C7DF6B086801E0C5	3	2	但し横須賀　様横松様其外御旗本様方米又ハ炭等　色々積入申候	ただし、横須賀様、横松様、その他の御旗本様方への米や炭など様々なものを積み込んでおりました。
KUL/03D650D6D7F62CC7C7DF6B086801E0C5	3	3	従是四ヶ年以前天保十《割書：亥｜》【右丁】　十月朔日同国名郡福田湊を出帆致し　候所順風あしくし列鳥羽湊へ吹流され　	これより四年前の天保十年（亥年）十月一日、同国山名郡の福田湊を出帆いたしましたところ、順風が悪く、たちまち鳥羽湊へ吹き流されました。
KUL/03D650D6D7F62CC7C7DF6B086801E0C5	3	4	爰にて日和を見合同十二日鳥羽を出帆いたし　候所戌亥風強く次第に沖へ吹出され遠　州横須賀沖‾ニ而其日暮に及ひ其夜増々　風強く終に梶を打折横流に相成	ここで日和を見て、同十二日に鳥羽を出帆いたしましたところ、戌亥（北西）の風が強く、次第に沖へ吹き出され、遠州横須賀沖に。そしてその日が暮れ、その夜はますます風が強まり、ついに舵を折り、横流れとなりました。
KUL/03D650D6D7F62CC7C7DF6B086801E0C5	3	5	明れ　は十三日想ひの外沖へ流され是非な　く荷物をなけすて船脚をかるめ御【左丁】　産宮様金毘羅様へ立願居たく候得とも　伊豆の嶋へも八丈か嶋も取付事叶わす	明けて十三日、思いのほか沖へ流され、やむなく荷物を投げ捨て船足を軽くし、御産宮様・金毘羅様へ祈願いたしましたが、伊豆の島へも八丈ヶ島へも取り付くことは叶いませんでした。
KUL/03D650D6D7F62CC7C7DF6B086801E0C5	3	6	其日も暮に及ひ同十四日猶々沖へ遠く　ながれ行詮方なく帆柱を切捨候内に冨　士山少し見へたり隠れたり口惜や日本は　遠くなりしと思ふ内終にひぐ日暮に相成同　十五日最早日本も見へす西も東も海上の　広き處と云なから鳥の住むへき山もなく【右丁】　嶋の形もなく	その日も暮れ、同十四日になってもなお沖へ遠く流され、やむなく帆柱を切り捨てましたが、そのうちに富士山がかすかに見えたり隠れたり。悔しいことに日本は遠ざかっていくと思いながら、ついに日が暮れて同十五日となり、最早日本も見えず、西も東も海上の広い所とはいえ、鳥の住むべき山もなく島の形もありませんでした。
KUL/03D650D6D7F62CC7C7DF6B086801E0C5	3	7	夫より日々沖へ〳〵と流れ　行磁石をすへて見渡せは東南へ流れ　行最早三人力なく叶わぬ事と思ひ詰　三人ともに貯の着物を着替て西に向ひ　手を合わ合念仏の外他事なし	それから日々沖へ沖へと流されていった。磁石で方角を確かめると、東南へ流されている。最早三人の力ではどうにもならないと思い詰め、三人そろって貯めていた着物に着替え、西に向かって手を合わせ、念仏を唱える以外にできることは何もなかった。
KUL/03D650D6D7F62CC7C7DF6B086801E0C5	3	8	譬此　侭息絶して身は大海の鯨のえしきと　成はとてたましひは三人諸共に浄土の蓮　基へ向へ給へと三人の身をは一ッに結付大　【左丁】　声上て泣ながら念仏唱へて喰す働す　三四日死するを待て寝ているうち段々　日和も直りけれは終又起てあか引船をし　つらひ居る内段々沖へ流も行	このまま息絶えて身が大海原の鯨の餌となってしまうとしても、せめて魂だけは三人そろって浄土の蓮台へ向かわせてくださいと、三人の体を一つに縄で結び付け、大声を上げて泣きながら念仏を唱え、食を断って三四日、死を待つばかりに横たわっていた。すると次第に天候が回復したため、ついに再び起き上がり、帆の修理に取りかかるうちに、また沖へ沖へと流されていった。
KUL/03D650D6D7F62CC7C7DF6B086801E0C5	3	9	日数立程呑　水もなく雨水の醤油の様なる水にて　命を繋義送る月日も早過て今年も大晦　日と成りぬ来る正月もはや立て二月になれ　とも次第〳〵に流れ行何程遠く成やらん【右丁】　其方角は相知れす格別風も吹されは海も　浪もなく廿日余りも仕方もなきに付悲し　き中の楽みに角針にて釣をせし所三尺程　の鰤抔を十四五本つゝもつり揚たる日も有	日が経つにつれ飲み水もなく、雨水の醤油のような水で命をつなぐ月日は早く過ぎ、今年も大晦日となった。来る正月もやがて立ち、二月になっても次第に流されていく。どれほど遠くになったか、その方角は分からず、特に風が吹くわけでもなく海は波立たず、二十日余りもどうしようもない状況だった。悲しみの中の楽しみに釣り針で釣りをしたところ、三尺ほどの鰤などを十四、五本ずつ釣り上げる日もあった。
KUL/03D650D6D7F62CC7C7DF6B086801E0C5	3	10	去は六月迄は日和には釣をして日を送けれ　とも何分水にふ自由いたし命危き事　既に十五度程も漸々凌き九月十日に成て　も暑さは替ることもなく冬もじゆばん【左丁】　袷にて暮し居候所子の年も大晦日にな　り又も灘にて年とりいたし二度の年を　取たる悲みふ自由成事云事なし	六月までは晴れた日には釣りをして日を過ごしていたが、何分水を自由に飲むこともできず、命の危険にさらされること十五度ほどをようやく凌いだ。九月十日になっても暑さが変わることもなく、冬は木綿の袷で暮らしていた。丑年も大晦日となり、またも海上で年を越すこととなった。二度の年を取った悲しみと不自由さは言いようもない。
KUL/03D650D6D7F62CC7C7DF6B086801E0C5	4	1	最早今年は丑の春又も替らぬ浪の　上唐天竺も見へもせす日を送り去れは　正月廿七日夕方はるか向ふに山か雲かと見　ゑけれは余り古郷の恋しさに汐ごり　取て三人失念の上にひさまずき氏神【右丁】　様や金毘羅様伊勢大神宮西国三十　三所観音様利生あらたに我等三人露の　命をなからへて日本の地を踏せて□□　ふと泣ては拝み唱へては又繰返し唱ふ　内夜は暁の空とは成て霞かゝりて誠に　□のことくなり	最早今年も丑年の春、変わらぬ波の上で唐や天竺も見えぬ日々を送り、正月二十七日の夕方、遥か前方に山か雲かと見えるものがあった。あまりの故郷恋しさに、三人は海水を掬って必死にひざまずき、氏神様や金刀比羅宮、伊勢神宮、西国三十三所の観音様に「どうか新たな御利益を授け、私たち三人が露のように儚い命ながらえ、日本の地を踏ませてください」と泣きながら拝み、唱えてはまた繰り返し祈った。そのうち夜が明け方の空となり、霞がかかって誠にはかなくなり。
KUL/03D650D6D7F62CC7C7DF6B086801E0C5	4	2	其内少々霞みも晴　けれは何国の方ゟ来り候哉	やがて霞が少し晴れると、どこの国の方から来たのであろうか。
KUL/03D650D6D7F62CC7C7DF6B086801E0C5	4	3	船壱艘参り　手を合拝み候へは其時船漕寄て来れ【左丁】　とも物とふても知れもせす一向訳は知れ　されとも助けてもらひたく船へ乗込申　候	船が一隻現れ、手を合わせて拝んでいると、その船が漕ぎ寄せて来た。言葉を交わすこともできず、事情が全く分からなかったが、助けてもらおうと船へ乗り込んだ。
KUL/03D650D6D7F62CC7C7DF6B086801E0C5	4	4	其時唐人口を明て物食ふ真似を仕候　間うなづき申候	その時、中国人が口を開けて食事の真似をしたので、頷いた。
KUL/03D650D6D7F62CC7C7DF6B086801E0C5	4	5	夫ゟ船へ乗移り私共の着　残らす取調次に飯米五六俵積申候	それから船に乗り移り、私たちの着ていた物を残らず調べた後、飯米五、六俵を積み込んだ。
KUL/03D650D6D7F62CC7C7DF6B086801E0C5	4	6	尤　ぬら俵にて糀の如く花付申候	ただし、濡れ俵の中の米には糀が花のように付いていた。
KUL/03D650D6D7F62CC7C7DF6B086801E0C5	4	7	又何か申　せとも一向わかり申さず又手を出して　指をおり幾度もかそへて見せ候故是は【右丁】　人数の事かとそんじ指を三本出して見　せけれは是にて合点致し	また何か言われても全く分からず、手を出して指を折り、幾度も数えて見せるので、これは人数のことを言っているのかと推測し、指を三本立てて見せた。これでようやく納得したようだ。
KUL/03D650D6D7F62CC7C7DF6B086801E0C5	4	8	此時元船は乗放　し申候	この時、元の船は乗り放しにした。
KUL/03D650D6D7F62CC7C7DF6B086801E0C5	4	9	丑正月廿八日五ッ時に候唐人船の大　きさは私共の元船の如く中に老母嫁小　児ともに八人乗にて外に類船艘＿レ壱見へ候	丑年正月二十八日五つ時（午前8時頃）、唐人船の大きさは私たちの元の船と同じくらいで、中には老婆・嫁・子供を含む八人が乗っており、外には同型の船が一艘見えた。
KUL/03D650D6D7F62CC7C7DF6B086801E0C5	4	10	是は手繰道具の様なる物にてぎょ漁船と覚　申候	これは手繰り道具のようなもので、漁船と思われた。
KUL/03D650D6D7F62CC7C7DF6B086801E0C5	4	11	夫より私ともは板子の下へ這入休み　申候	それから私たちは板子の下へ入って休んだ。
KUL/03D650D6D7F62CC7C7DF6B086801E0C5	4	12	七ッ時に至りて彼湊へ着申候	七つ時になって、その港に到着した。
KUL/03D650D6D7F62CC7C7DF6B086801E0C5	4	13	何卒【左丁】　船に泊り度思ひ候所唐人失念の上にて呼り　申候	どうか船に泊まりたいと思っていたところ、中国人がうっかり呼び出した。
KUL/03D650D6D7F62CC7C7DF6B086801E0C5	4	14	得其所の者大勢来り相談いたし　夫より私ともの手をとり無理に引出し　申候間是非なく上陸いたし申候	現地の役人が大勢来て相談し、私たちの手を取って無理矢理引き出したので、やむなく上陸した。
KUL/03D650D6D7F62CC7C7DF6B086801E0C5	4	15	其　時見物人夥敷群集して市の如く夫　より唐の役所へ出時は唐人に伴れて役所　評定に及けり	その時、見物人がおびただしく群がり市のようであった。それから唐の役所へ出向く際は中国人に伴われ、役所での審議に及んだ。
KUL/03D650D6D7F62CC7C7DF6B086801E0C5	4	16	尤青石を敷たる玄関　にて役人申けるは自（ジ）何（カ）方（ホウ）来（ライ）漂（ヒヤウ）流（リウ）人（ジン）委（イ）細（サイ）　《割書：いつかたよりきたるなかれたゞよひとつぶさにもう｜》【右丁】　言（ゴン）上（シヤウ）早（サ）言々（コン〳〵）私共には一向わかり不申《割書：してはやくもうしあけという｜》　挨拶は出来不申	青石を敷いた玄関で役人が「どこの国から来た漂流者か、早く詳細を述べよ」と言ったが、私たちには全く理解できず、挨拶もできなかった。
KUL/03D650D6D7F62CC7C7DF6B086801E0C5	4	17	其時連出候考　吾（ゴ）々（ゴ）早（サウ）旦（タン）見（ケン）此（シ）船（セン）灘（ナン）中（チウ）不（フ）知（チ）面（メン）体（タイ）流（ヒウ）流（ヒウ）漂（リウ）人（シン）自（ジ）《割書：われ〳〵はやかつみるにこすふねなくなりずしらめんていをたゝふうなかれひとは｜》　何（カ）国（コク）来（ライ）問（モン）聞（モン）一（イツ）向（コウ）不（フ）言（ゴン）無（ム）答（トウ）ト云《割書：いづかたのくにゟきたるときけともいついわすこたへす｜》　何を申も此通り浦賀の御切手并横須賀　様の御手形を差出せは西尾隠岐の守といふ　字をさいびいんじやと読様子に御座候	その時連れ出された際のことである。私たちは早朝からこの船が灘中を漂流する様子を知らない者たちに「どこの国から来た漂流者か」と問われたが、全く返答できなかった。何を言おうと、このように浦賀の御切手や横須賀様の御手形を差し出せば、西尾隠岐守という字を「サイビインジャ」と読むような有様であった。
KUL/03D650D6D7F62CC7C7DF6B086801E0C5	4	18	読　西尾隠岐守【右におくり字】　と音の違にて何の用に立ものは無御座候	西尾隠岐守と音の違いで、何の役にも立たないものであった。
KUL/03D650D6D7F62CC7C7DF6B086801E0C5	4	19	夫ゟ【左丁】　脇へ蓮行八畳敷の所に置夕飯くれ申候	その後、の脇にある蓮模様の八畳敷きの部屋に案内され、夕飯を与えられた。
KUL/03D650D6D7F62CC7C7DF6B086801E0C5	4	20	此所に　三十日居る内一向応体出来不申候	この場所に三十日いるうちに、全く対応することができなかった。
KUL/03D650D6D7F62CC7C7DF6B086801E0C5	5	1	仕方なく　唐人云付を拵へ見せ候へ共私共は日本通用の文　字さへ何程もそんし不申　漢（かんふん之）文字の義は　何にも読不申	仕方なく中国人の指示書を拵えて見せたが、私どもは日本の文字さえまともに理解できず、漢字の意味など何一つ読めなかった。
KUL/03D650D6D7F62CC7C7DF6B086801E0C5	5	2	尤日本と云字計知れ申　候間仕方なくうなづき申候	尤も日本という字だけは知れましたので、仕方なく頷きました。
KUL/03D650D6D7F62CC7C7DF6B086801E0C5	5	3	是ゟ日本と　云事知れ申候後に左保（サホ）え参り通辞に　承り少々分り申候	これより日本ということが分かった後、紋故宗のもとへ行き、通訳の説明を受けて少し理解できるようになりました。
KUL/03D650D6D7F62CC7C7DF6B086801E0C5	5	4	漂着の所名を奥門【右丁】　と申船着の町にて家は一統土蔵作りにて　床なし板敷計にて敷物は無之人は至つ　て正直に御座候	漂着した場所の名を奥門という港町で、家は全て土蔵造りで畳はなく板張りばかり、敷物もない。
KUL/03D650D6D7F62CC7C7DF6B086801E0C5	5	5	時に唐の年号通光二十　一年《割書：辛｜丑》暦中の決合相知れ不申日本　にては丑の年正月閏也唐にては三月の　閏に御座候	人々は非常に正直でございました。この時、唐（中国）の年号・通光21年（1841年）において、暦の調整がつかず、日本では丑年の閏正月、唐では三月の閏月でございました。
KUL/03D650D6D7F62CC7C7DF6B086801E0C5	5	6	夫より私共は其日に連出され　百五十石計の船にて磯伝へに送られ申候	それから私どもはその日に連れ出され、百五十石ほどの船で磯伝いに送られました。
KUL/03D650D6D7F62CC7C7DF6B086801E0C5	5	7	辰巳の方向て南方に山有能湊にて天気【左丁】　替れは所々へ船を付参る途中にて岡へ指を差　廣東と云都にてこの此国の王の城有と申候	辰巳（南東）の方角に、南方に山のある港があり、天気が変わるたびに所々へ船を付けながら進む途中、岡を指さして「広東」という都で、この国の王の城があると申しました。
KUL/03D650D6D7F62CC7C7DF6B086801E0C5	5	8	夫より此船路閏三月廿三日福建の堺厦門と　云所に着奥門の人々へ一礼を述て暇乞いたし　爰に三日逗（トウ）留致し其役所ゟ書付を添　人を附て案内いたし順に陸を送られ　申候	それからこの船路、閏3月23日に福建の堺厦門（アモイ）という所に到着した。奥門の人々へ一礼を述べて暇乞いをして、ここに3日間逗留し、その役所から書付を添え、人を付けて案内させ、順に陸路を送られました。
KUL/03D650D6D7F62CC7C7DF6B086801E0C5	5	9	泊りは役所へ掛り御世話に相成□願　役所届遣ひと申銭壱人に付百文弐百【右丁】　文宛下され四月六日福州の城下に着	宿泊は役所の手配で世話になり、願い出た役所への届けを提出した後、1人につき100文、計200文が支給され、4月6日に福州の城下町に到着した。
KUL/03D650D6D7F62CC7C7DF6B086801E0C5	5	10	此所にて評定六ヶ敷終に五十日程置れ　申候役所へも幾度も出申候へともわかり　不申終に大きなる門を越大役所に　呼出され申候	この場所で評定が難航し、結局五十日ほど留め置かれました。役所へも何度も出向きましたが、理解できず、ついに大きな門を越えた大役所に呼び出されました。
KUL/03D650D6D7F62CC7C7DF6B086801E0C5	5	11	其玄関の広さ七八間も　有之申候	その玄関の広さは七八間もありました。
KUL/03D650D6D7F62CC7C7DF6B086801E0C5	5	12	唐にては立を礼儀と申役人　出れは立せ申候	中国では、立つことが礼儀とされ、役人が出てくると立たせられました。
KUL/03D650D6D7F62CC7C7DF6B086801E0C5	5	13	役人は床机に掛り大き　なる床机七脚御座候其所に居る内世【左丁】	役人たちは折り畳み椅子に腰かけ、大きな椅子が七脚あるその場にいるうちに、
KUL/03D650D6D7F62CC7C7DF6B086801E0C5	6	1	話をする者弐人此者の申事少しは知れ　申候	話をする者二人、この者の申すことを少しは知っておりました。
KUL/03D650D6D7F62CC7C7DF6B086801E0C5	6	2	船乗にて去年琉球にて難船仕り　承り申候	船乗りとして去年琉球で難船したと聞いておりました。
KUL/03D650D6D7F62CC7C7DF6B086801E0C5	6	3	此時初て日本へ送るといふ事　知れ申候	この時初めて日本へ送られるということを知ることができました。
KUL/03D650D6D7F62CC7C7DF6B086801E0C5	6	4	私共漸々安堵仕五月廿五日苑其所　を立夫より役人附添三日之間川船にて　上へ登り申候	私どもはようやく安堵し、5月25日にその場所を立ちました。そこから役人が付き添い、3日間川船で上流へと向かいました。
KUL/03D650D6D7F62CC7C7DF6B086801E0C5	6	5	夫ゟ篭にて送られ候事十　七日程道々見れは百性の仕方替る事無御座　候	それから駕籠で送られること十七日ほど、道中見る限りでは百姓の暮らし方に変わりはございませんでした。
KUL/03D650D6D7F62CC7C7DF6B086801E0C5	6	6	惣して商ひ物は下直にて昼弁当薬や【右丁】　にて丼鉢にて飯盛一杯銭六文にしめ弐文宛　夫より天川と云大門を船にて乗下る事　七日	全般に商品は安値で、昼の弁当は薬屋で丼鉢に飯を一杯盛って六文、そこから二文ずつ加え、天川という大門を船で下ること七日間。
KUL/03D650D6D7F62CC7C7DF6B086801E0C5	6	7	夫ゟ峠に登り寺有至て面白き所也	それから峠に登ると、寺があり、とても趣深い場所であった。
KUL/03D650D6D7F62CC7C7DF6B086801E0C5	6	8	南に広々たる田面有西に大川有北は山つ　づき東　漸江（よふへ）といふ府内を眼の下に見る　広き事四五里の四方皆土蔵作りにて六月　下旬の事なれとも一統白砂の雪のふり　たる如く見ゆ也	南には広々とした田んぼが広がり、西には大きな川が流れ、北は山々が連なり、東には漸江（ようへい）という町が眼下に見渡せる。その広さは四、五里四方に及び、建物はすべて土蔵造りで、6月下旬のことであるにもかかわらず、一面の白砂が雪のように降り積もったかのように見えました。
KUL/03D650D6D7F62CC7C7DF6B086801E0C5	7	1	此所にて三人とも江戸の【左丁】　噺しをいたし暫く詠て休みけり	この場所で三人は江戸の話をして、しばらく語り合って休んだ。
KUL/03D650D6D7F62CC7C7DF6B086801E0C5	7	2	其町　の内より堀川を三日船にて乗なん南京の　台保と申所へ着申候	その町の中から堀川を三日間船に乗って南京の台保という所へ到着いたしました。
KUL/03D650D6D7F62CC7C7DF6B086801E0C5	7	3	爰に通辞の者有て　申けるは右へは日本通ひの船十艘有し所　段々難船いたし今は六艘に相成申候	ここに通訳の者が申し上げたことには、以前は日本へ渡る船が十隻あったが、次々と難破して今は六隻になりました。
KUL/03D650D6D7F62CC7C7DF6B086801E0C5	7	4	是も　十日以前皆出航いたし九月にならねは帰り　来らす	これも十日以上前に皆出航しており、九月にならなければ帰って来られません。
KUL/03D650D6D7F62CC7C7DF6B086801E0C5	7	5	夫迄は便船無之申故六月廿五日　より十二月迄台保の代官所の世話に相成【右丁】　居る内六月廿八日より松之助病気に付大きに　取持医師にも見せ薬も一日に銀□□　宛の薬を被下介抱人を壱人付置	それまで便船がなかったため、六月二十五日から十二月まで台保の代官所の世話になっているうち、六月二十八日より松之助が病気になったので手厚く介抱し、医師にも診せ、薬も一日に銀□□分ずつ支給され、介抱人を一人付けられました。
KUL/03D650D6D7F62CC7C7DF6B086801E0C5	8	1	此者の　名を紋故宗と云通辞の詞を遣ふ故聞は　右日本人の世話をする事今度三度に　及と申けり	この者の名は紋故宗という通訳の言葉を用いたので、先に述べた日本人の世話をする件が今回で三度に及んだと申し上げた。
KUL/03D650D6D7F62CC7C7DF6B086801E0C5	8	2	私とも三人此取持之義減りて　難有存候	私ども三人、この世話の手間が減り、ありがたく存じます。
KUL/03D650D6D7F62CC7C7DF6B086801E0C5	8	3	次に七月四日一統施餓鬼の如く　仏祭り致し盆祭と云八月十一日より【左丁】　関帝様と申て月見古の関羽公（かんうこう）を祭る　家々に馬に乗たる画像あり大家にては巻物を　持たる木像有外に一軒大幅の画像有是へ　参詣いたし其次に祭礼有神輿渡り也	次に7月4日には一斉に施餓鬼のように仏事を行い、盆祭りと呼ばれる8月11日からは、関帝様、すなわち三国志の関羽公を祀る家々に馬に乗った画像があり、大邸宅では巻物を持った木像があり、他に一軒だけ大きな掛け軸の画像がある家へ参拝し、その後、祭礼があり神輿が渡御した。
KUL/03D650D6D7F62CC7C7DF6B086801E0C5	8	4	扨十月朔日沖へ船見ゆると申共順風あしく　漸三日に入津いたし	さて10月1日、沖に船が見えると言うものの順風が吹かず、ようやく三日目に入港しました。
KUL/03D650D6D7F62CC7C7DF6B086801E0C5	8	5	夫より造作を仕手　間取申候	それから手続きに手間取りました。
KUL/03D650D6D7F62CC7C7DF6B086801E0C5	8	6	偖又今は松之助に被下此節は一日　に壱文の薬を用ゆるといへともびょ病気も【右丁】　次第に重り十月八日今日は命危うく危く相成　仙太郎辰蔵と呼わる故側へ参りけれは　手に取付是迄は大きに世話に相成候へへとも　養生も叶わす最早湯水も通らねは　次第に弱る計也	さて、今は松之助に与えられていたこの時期の1日1文の薬を使っていたが、病気は次第に重くなり、10月8日、今日は命が危うく危うくなったので、仙太郎と辰蔵が呼ばれて側へ来ると、彼は手を取って「これまで大変世話になったが、養生も叶わず、最早や湯水も通らぬから次第に弱っていくばかりだ」と言った。
KUL/03D650D6D7F62CC7C7DF6B086801E0C5	8	7	願わくは弐人の衆達者　て国へ帰るなら子供の事を頼そと両　眼に涙浮へて申けり	「どうかお二人が達者で国へ帰られるなら、子供のことを頼む」と、両目に涙を浮かべながら言った。
KUL/03D650D6D7F62CC7C7DF6B086801E0C5	8	8	誠に見る目も哀成	まことに見る目も哀れなることよ。
KUL/03D650D6D7F62CC7C7DF6B086801E0C5	8	9	璧唐にも天竺にも耆婆扁鵲（きばへんしやく）は昔の事【左丁】	中国にもインドにも、かつての名医・耆婆や扁鵲は昔の話。
KUL/03D650D6D7F62CC7C7DF6B086801E0C5	8	10	今は末世におとろへて命を奨医師も　なく寿命を辿る薬もなく去は逃れぬ　定業の無道の風に松之助死ぬる命は是　悲もなし	今は末世で衰え果て、命を救う医者もなく、寿命を延ばす薬もない。逃れようのない定めの無慈悲な風に、松之助が死んでいった命。これが悲しみというものではなかった。
KUL/03D650D6D7F62CC7C7DF6B086801E0C5	8	11	跡弐人生なからへて居ながらも　片腕とらるゝ心地也	残された二人は生きながらえていても、片腕を奪われたような心地だった。
KUL/03D650D6D7F62CC7C7DF6B086801E0C5	9	1	夫ゟ四五丁脇に並子　と云所陣屋あり御検使大役人壱人上下　十弐人にて来	そこから4、5丁ほど脇の並子という所に陣屋があり、御検使の大役人1人と上下12人がやって来た。
KUL/03D650D6D7F62CC7C7DF6B086801E0C5	9	2	其時三人の名前を書て差　出せば遠江国をわんかんとよむ仙太郎せん【右丁】　だいろうとよむ松之助をそんつうぞうとよむ　辰蔵をしんそんとよむケ様に皆読聞違ひ　申候間通辞の取計ひにて相済申候	その時、3人の名前を書いて差し出したところ、遠江国を「わんかん」と読み、仙太郎を「せんだいろう」、松之助を「そんつうぞう」、辰蔵を「しんそん」と呼ぶように、皆読み聞き違えられたので、通訳の取り計らいで事が済んだ。
KUL/03D650D6D7F62CC7C7DF6B086801E0C5	9	3	通辞の　曰昔より此所に日本人の埋塚四人有此度も　先例に行ふと申結構成弔いたし	通訳が言うには「昔からこの場所に日本人の墓が四つある。今回も先例に倣って行う」と申し上げ、丁重に弔った。
KUL/03D650D6D7F62CC7C7DF6B086801E0C5	9	4	扨国法　にて弔にも嫁入にも皆管弦をいたし又出　家の仕方替る事なし	さて、国法では、葬式にも嫁入りにも皆で管弦を奏で、また出家の仕方が変わることもない。
KUL/03D650D6D7F62CC7C7DF6B086801E0C5	10	1	夫ゟ終に唐の　土とは成りにけり	こうしてついに中国の土となってしまった。
KUL/03D650D6D7F62CC7C7DF6B086801E0C5	10	2	扨唐人と同道いたし【左丁】　寺参り致し候所大寺にて観世様地蔵様　有ろふそくを立線香を焚て拝み申候	さて、中国人と同道して寺参りをしたところ、大寺にて観音様と地蔵様がおわします傍らで線香を立て焚き、拝み申し上げた。
KUL/03D650D6D7F62CC7C7DF6B086801E0C5	11	1	者（され）は　光陰移りて十二月廿六日	時は移り、12月26日。
KUL/03D650D6D7F62CC7C7DF6B086801E0C5	11	2	當參尓順風々（とふさんししゆんふく）申　聞は明廿八日には弥々日本通行の船か出帆と　究ると	当参に順風の便りを申し受け、明くる二十八日にはいよいよ日本通行の船が出帆すると決まった。
KUL/03D650D6D7F62CC7C7DF6B086801E0C5	11	3	仙太郎辰蔵諸ともに松之助か墓へ　参り暇乞いたし	仙太郎と辰蔵は共に松之助の墓へお参りし、暇乞いをした。
KUL/03D650D6D7F62CC7C7DF6B086801E0C5	11	4	夫より今日立振舞申　て百味の馳走被下是は壱人前仕出し銭　六貫文掛ると申	その後、今日は送別の宴を催して百種類のご馳走を頂いた。これは一人前仕出しで銭六貫文かかったという。
KUL/03D650D6D7F62CC7C7DF6B086801E0C5	12	1	又先達て三人に貰得たる【右丁】　物有一畳釣の帷一垂宛此蚊帳横に口　有（あ）り　木綿の綿入壱枚宛同蒲団壱枚宛頭巾　一ッ宛	また先だって三人に支給された物には、一畳分の釣り用の帷を一垂れずつ、この蚊帳は横に口が付いていた。木綿の綿入れを一枚ずつ、同様に布団を一枚ずつ、頭巾を一つずつ配られていた。
KUL/03D650D6D7F62CC7C7DF6B086801E0C5	12	2	是ハ何方ゟ被下候と聞ハ旦那様より　と計り其訳知れ不申	これはどちらから支給されたのかと尋ねると、旦那様からのものだけとしか分からず、その理由は理解できなかった。
KUL/03D650D6D7F62CC7C7DF6B086801E0C5	12	3	惣而台保の私共への　入用考見れハ凡金子弐百両も入様子ニ御　座候	総じて台保での私どもへの入用を考えてみれば、およそ金子二百両もかかった様子でございました。
KUL/03D650D6D7F62CC7C7DF6B086801E0C5	12	4	通辞の四日日本へ渡海の事成ハ船覚難　の義とりかたく候間二人別れて弐艘ニ乗り　給へと申故東に別れ海上堅固に長崎ニ而【左丁】　待合べしと船に乗り	通訳が「四日間で日本へ渡海するのは難破の危険が大きいので、二人別れて二艘に分乗なさい」と申したため、東の方角で別れ、海上で堅固に長崎で待ち合わせするよう船に乗った。
KUL/03D650D6D7F62CC7C7DF6B086801E0C5	12	5	扨得宝といふ船乗　合三十人皆長崎へ来ん唐の商人なり　台保を立出て仙太郎乗たる船ハ金太平と　申百人乗也	さて、「得宝」という船に乗り合わせた三十人は皆長崎へ来る中国の商人であった。台保を立ち出て仙太郎が乗った船は「金太平」と申す百人乗りである。
KUL/03D650D6D7F62CC7C7DF6B086801E0C5	12	6	されハ丑十二月廿八日台保の　湊ニ帆を掲て夫ゟ二艘諸共たおも《見せ消ち：梶》【朱書き】舵とり　《見せ消ち：梶》【朱書き】舵　船乗りて送て□貰ひけり	こうして丑年十二月二十八日、台保の湊に帆を掲げ、それから二艘は共に舵を取って船を乗り、送り出されて受け取ったことである。
KUL/03D650D6D7F62CC7C7DF6B086801E0C5	13	1	扨ヶ様に送り　届くれ候事一ッにハ神仏様の御慈悲の　御願なり	このように送り届けられたことは、ひとえに神仏様のご慈悲のおかげでございました。
KUL/03D650D6D7F62CC7C7DF6B086801E0C5	13	2	二ッにハ東照神君様の御威徳【右丁】　遠く唐土の末迄も光輝御厚恩誠に　難有奉存候時に通辞の日順風にて船都　合能所ヶ八日程も掛り可申も三日余る所　海中小山二ッ有聞バ我国の山と云ふ唐土　扣也	二つには、東照神君様の御威徳が遠く唐土の果てまで光を放ち、御厚恩は誠にありがたく存じ上げております折、通訳が「順風なら船の都合で八日間はかかると申すべきところ、三日余りで着いた」と言う海上に、二つの小山があると聞けば、我が国の山と呼ぶ唐土の言い方でございました。
KUL/03D650D6D7F62CC7C7DF6B086801E0C5	13	3	夫より船ニて大年の夜のいわひと　皆々酒を呑祝申候	それから船の中で大みそかの夜、祝い人たちは皆々酒を飲んで祝いを申し上げました。
KUL/03D650D6D7F62CC7C7DF6B086801E0C5	13	4	明れハ寅の元日目出　度〳〵と申候か同十五日五嶋迄参り	明けは寅年の元日、めでたくお祝い申し上げましたが、同十五日に五島まで参りました。
KUL/03D650D6D7F62CC7C7DF6B086801E0C5	13	5	夫より順風あしく長崎口野毛と【左丁】　申所に船掛り申候	それから順風が悪く、長崎口の野毛という所に船を停泊させました。
KUL/03D650D6D7F62CC7C7DF6B086801E0C5	13	6	十六日ニハ船五十七艘余り　引込呉申候	十六日には船五十七艘余りを引き入れさせていただきました。
KUL/03D650D6D7F62CC7C7DF6B086801E0C5	13	7	是壱艘に付銭三貫文掛ると　申候	この1艘につき銭3貫文かかると申しました。
KUL/03D650D6D7F62CC7C7DF6B086801E0C5	13	8	入津仕れハ直に唐人此由を御奉行　所へ申上候へハ同十七日長崎御奉行柳生　伊世守様御役所へ御呼しニて有之通　を委細御正し有	入港すると、直ちに唐人（中国人）がこの由を奉行所へ申し上げたところ、同17日に長崎奉行・柳生伊世守様の御役所へお呼び出しを受け、あった通りを委細にわたりお調べがありました。
KUL/03D650D6D7F62CC7C7DF6B086801E0C5	13	9	夫より江戸御同　役の井沢美作守へ御状被遣	それから江戸の同役である井沢美作守へ御書状が送られました。
KUL/03D650D6D7F62CC7C7DF6B086801E0C5	13	10	夫より御　老中様へ被差出	それから御老中様へ差し出されました。
KUL/03D650D6D7F62CC7C7DF6B086801E0C5	13	11	御老中様ゟ西尾【右丁】　隠岐守様へ御尋ニ付飛脚を以て国元へ　御沙汰被成下候ニ付横須賀御役所御評　定の上	御老中様より西尾隠岐守様へのお尋ねにより、飛脚をもって国元へお沙汰がなされましたので、横須賀御役所で評定の上で。
KUL/03D650D6D7F62CC7C7DF6B086801E0C5	13	12	御支配吉田佐重次殿より沖之　次村庄屋喜平治方へ右之趣披仰聞依　之一家親類皆々悦ひ勇んて御評定　の定る時を待ニ候り	吉田佐重次殿より沖之次村の名主・喜平治方へ右の趣旨が伝え聞かせたことで、一族親類は皆喜び勇んで、公式の決定が定まる時を待ちに待っていました。
KUL/03D650D6D7F62CC7C7DF6B086801E0C5	13	13	右の御礼として従　御公儀様米弐百俵銅二函唐へ御遣し　被下	右の御礼として、御公儀様より米二百俵と銅二箱を唐へお遣わし下されました。
KUL/03D650D6D7F62CC7C7DF6B086801E0C5	13	14	御誠に難有御事と奉存候	誠にありがたいお計らいと心より感謝申し上げます。
KUL/03D650D6D7F62CC7C7DF6B086801E0C5	14	1	私共ハ【左丁】　詞計にて礼を延て暇乞いたし是より　長崎座敷詰に相成	私どもは言葉だけで礼を述べて暇乞いをし、これより長崎の役所勤めとなった。
KUL/03D650D6D7F62CC7C7DF6B086801E0C5	15	1	江戸表御評定　の上漂流人請取の節ハ寅六月廿日遠　州横須賀を御出立被成候	江戸表でのご評定を経て漂流民の受け取りが決まり、寅年六月二十日に遠州横須賀をご出立なされた。
KUL/03D650D6D7F62CC7C7DF6B086801E0C5	15	2	御寺々にハ　御預役福田左司馬殿	お寺々にはお預かり役として福田左司馬殿が、
KUL/03D650D6D7F62CC7C7DF6B086801E0C5	15	3	御手附杦山勝太　夫殿下勧定役相渕梶兵衛殿同添役　平助政蔵道中荷物掛り	御手附の杦山勝太夫殿、勧定役の相渕梶兵衛殿、同添役の平助政蔵が道中の荷物係を務めた。
KUL/03D650D6D7F62CC7C7DF6B086801E0C5	15	4	扨右之寺　々ハ御役ニて遠路御出立被成下候と【右丁】　聞て仙太郎女房躍上りて悦けり	さて、先に触れた寺々が公務で遠方からご出発なされたと聞き、仙太郎の妻は躍り上がって喜んだ。
KUL/03D650D6D7F62CC7C7DF6B086801E0C5	16	1	夫より　御上使者道中無滞七月廿六日長崎へ御　至着被成候	それからご上使の方々は道中何事もなく、七月二十六日に長崎へご到着なされた。
KUL/03D650D6D7F62CC7C7DF6B086801E0C5	17	1	内中町の山中政之助方年行　司役ニ而	内中町の山中政之助方、年行司役として
KUL/03D650D6D7F62CC7C7DF6B086801E0C5	17	2	御奉行所へ案内致され又宿割　の差図ハ尽後町吉野屋伊三郎方ニ御旅　宿被成	奉行所へ案内され、また宿割りの差し図は尽後町の吉野屋伊三郎方に御旅宿となされた。
KUL/03D650D6D7F62CC7C7DF6B086801E0C5	18	1	同廿七日御奉行様ゟ此由弐人の者へ　被仰聞候諸	同月二十七日、奉行様からこの旨が二人の者へ申し渡され、
KUL/03D650D6D7F62CC7C7DF6B086801E0C5	18	2	又正月十七日より四月六日迄ニ御用御正し都合七度委細御吟味【左丁】　被成候	また正月十七日から四月六日までの間に、公務の確認のため計七度、詳細な取り調べが行われました。
KUL/03D650D6D7F62CC7C7DF6B086801E0C5	18	3	唐より持参之品ハ不残差出べきよし　被仰付	唐から持参した品は残らず差し出すよう申し付けられました。
KUL/03D650D6D7F62CC7C7DF6B086801E0C5	18	4	金銀ハ無御座銭少々差上申候後ハ	金銀はございませんでしたが、銭を少しばかり差し上げましたので、その後はお取り替えになり日本銭にて下されました。
KUL/03D650D6D7F62CC7C7DF6B086801E0C5	18	5	御取替に相成日本銭ニ而被下置候又蚊帳　蒲団綿入頭巾等ハ我等に被下置候	また蚊帳・布団・綿入れ頭巾などは私どもに下されました。
KUL/03D650D6D7F62CC7C7DF6B086801E0C5	19	1	同廿八日　御用福田左次馬殿御奉行様御掛合　相済状被下八月二日長崎出立ニ而夫より　仙太郎辰蔵諸共悦ひ勇て国元へ帰る　なら是上苦労せし事も噺（むかし）噺にする【右丁】　様ニ成と思へハ心地よく御上使方と同道　して江戸の方へ急きけり	同二十八日、御用・福田左次馬殿より奉行様への御掛合いが相済んだ旨の書状が下され、八月二日に長崎を出立。それより仙太郎と辰蔵は共に喜び勇んで「国元へ帰れるなら、これまでの苦労も昔話にするようになる」と思えば心地よく、お上使方と同道して江戸の方へ急いだ。
KUL/03D650D6D7F62CC7C7DF6B086801E0C5	19	2	此時沖の次村　ニ而ハ御先触の様子を聞一家親類寄　集り今日珍敷袋井宿を通る弐人ハ　誠煎豆に花か咲しと見に出る頃ハ九月　五日也	この時、沖の次村ではお先触れの様子を聞き、一家親類が寄り集まり、今日珍しく袋井宿を通る二人は誠に煎り豆に花が咲いたようだと見物に出かけた頃は九月五日であった。
KUL/03D650D6D7F62CC7C7DF6B086801E0C5	19	3	今やおそしと待けれハ御上使方に　伴れ通り掛りてハ来れ共御用の済ぬ　身の上ハ我身の侭に一云の詞合する事も【左丁】　なく訳ハ知らねとうどんけの花を詠め　る心にも見たる計の別なり	今か今かと待っていると、お上使方に伴われて通りかかっては来るものの、用事の済んだ身の上では我が身の儘に一言の言葉を交わすこともなく、訳は知らねど、うどんけの花を詠む心にも見たような儚い別れであった。
KUL/03D650D6D7F62CC7C7DF6B086801E0C5	20	1	夫より　道中無恙九月十二日江戸御屋敷へ差仕　御留主居様へ申上御　見（めみへ）被仰付是迄の　義委細ニ申上候所御聞届之上御暇被下　置	それより道中何事もなく九月十二日、江戸の御屋敷へ到着し、御留主居様へ申し上げて御目見えを仰せ付けられ、これまでの経緯を委細に申し上げたところ、お聞き届けの上で御暇を下された。
KUL/03D650D6D7F62CC7C7DF6B086801E0C5	20	2	夫より浅草観音様へ御礼参り致し　同廿四日江戸を出立ニ而右之通御上使方の　御厚恩に預り弥々九月丗日ニハ福田左【右丁】　次馬殿首尾好御用相済し賑々敷御　帰国也	それから浅草観音様へお礼参りをし、同二十四日に江戸を出立。先に述べた通りお上使方のご厚情により、いよいよ九月三十日には福田左次馬殿が首尾よく公務を完了させ、華々しく帰国したのである。
KUL/03D650D6D7F62CC7C7DF6B086801E0C5	20	3	数多の人々御迎ひに出て誠に　立派成行烈也と申けり	数多の人々がお迎えに出て、誠に立派な成り行きの華々しさであったと申した。
KUL/03D650D6D7F62CC7C7DF6B086801E0C5	20	4	珍花や立派に見ゆる一田面	珍花や立派な一面の田んぼ。
KUL/03D650D6D7F62CC7C7DF6B086801E0C5	20	5	其日直に御役所へ御呼出し御正し相　済仙太郎辰蔵両人を村役人え被下置	その日、直ちに御役所へお呼び出しがあり、お調べが済むと、仙太郎と辰蔵の両人を村役人へお預けにされた。
KUL/03D650D6D7F62CC7C7DF6B086801E0C5	21	1	夫より夕方ニ前家に立帰り一家親類皆　〳〵悦ひ勇む事限りなし	その後、夕方に元の家に戻ると、一家親類の皆が喜び勇むこと限りなかった。
KUL/03D650D6D7F62CC7C7DF6B086801E0C5	21	2	仙太郎夫【左丁】　婦の悦ひを見て　艮席　なからへて逢し夫婦や秋の蝶【右丁】	仙太郎夫妻の喜びを見て、じっとしていられずに会った夫婦や秋の蝶
KUL/03D650D6D7F62CC7C7DF6B086801E0C5	22	1	天保漂流記終【左丁】	天保漂流記 終
KUL/03D650D6D7F62CC7C7DF6B086801E0C5	22	2	安政三《割書：丙｜》辰年　六月日　武居惣蔵写之	安政三年（丙辰年）六月吉日　武居惣蔵写之
